{
  "name": "Seeed_GFX",
  "version": "2.0.3",
  "keywords": "tft, ePaper, display, ESP8266, NodeMCU, ESP32, M5Stack, ILI9341, ST7735, ILI9163, S6D02A1, ILI9486, ST7789, RM68140",
  "description": "A TFT and ePaper SPI graphics library for Arduino",
  "repository":
  {
    "type": "git",
    "url": "https://github.com/Seeed-Studio/Seeed_GFX"
  },
  "authors":
  [
    {
        "name": "Baozhu Zuo",
        "email": "baozhu.zuo@gmail.com",
        "maintainer": true
    }
  ],
  "frameworks": "arduino",
  "platforms": "*"
}
